<?xml version="1.0" encoding="utf-8"?>
<dataroot xmlns:xsi="http://www.w3.org/2001/XMLSchema-instance" xmlns:xsd="http://www.w3.org/2001/XMLSchema">
  <Language>English</Language>
  <Vocab>
    <Text>ZERO</Text>
    <Index>0</Index>
    <VocabIndex>0</VocabIndex>
  </Vocab>
  <Vocab>
    <Text>ONE</Text>
    <Index>1</Index>
    <VocabIndex>1</VocabIndex>
  </Vocab>
  <Vocab>
    <Text>TWO</Text>
    <Index>2</Index>
    <VocabIndex>2</VocabIndex>
  </Vocab>
  <Vocab>
    <Text>THREE</Text>
    <Index>3</Index>
    <VocabIndex>3</VocabIndex>
  </Vocab>
  <Vocab>
    <Text>FOUR</Text>
    <Index>4</Index>
    <VocabIndex>4</VocabIndex>
  </Vocab>
  <Vocab>
    <Text>FIVE</Text>
    <Index>5</Index>
    <VocabIndex>5</VocabIndex>
  </Vocab>
  <Vocab>
    <Text>SIX</Text>
    <Index>6</Index>
    <VocabIndex>6</VocabIndex>
  </Vocab>
  <Vocab>
    <Text>SEVEN</Text>
    <Index>7</Index>
    <VocabIndex>7</VocabIndex>
  </Vocab>
  <Vocab>
    <Text>EIGHT</Text>
    <Index>8</Index>
    <VocabIndex>8</VocabIndex>
  </Vocab>
  <Vocab>
    <Text>NINE</Text>
    <Index>9</Index>
    <VocabIndex>9</VocabIndex>
  </Vocab>
  <Vocab>
    <Text>TEN</Text>
    <Index>10</Index>
    <VocabIndex>10</VocabIndex>
  </Vocab>
  <Vocab>
    <Text>ELEVEN</Text>
    <Index>11</Index>
    <VocabIndex>11</VocabIndex>
  </Vocab>
  <Vocab>
    <Text>TWELVE</Text>
    <Index>12</Index>
    <VocabIndex>12</VocabIndex>
  </Vocab>
  <Vocab>
    <Text>THIRTEEN</Text>
    <Index>13</Index>
    <VocabIndex>13</VocabIndex>
  </Vocab>
  <Vocab>
    <Text>FOURTEEN</Text>
    <Index>14</Index>
    <VocabIndex>14</VocabIndex>
  </Vocab>
  <Vocab>
    <Text>FIFTEEN</Text>
    <Index>15</Index>
    <VocabIndex>15</VocabIndex>
  </Vocab>
  <Vocab>
    <Text>SIXTEEN</Text>
    <Index>16</Index>
    <VocabIndex>16</VocabIndex>
  </Vocab>
  <Vocab>
    <Text>SEVENTEEN</Text>
    <Index>17</Index>
    <VocabIndex>17</VocabIndex>
  </Vocab>
  <Vocab>
    <Text>EIGHTEEN</Text>
    <Index>18</Index>
    <VocabIndex>18</VocabIndex>
  </Vocab>
  <Vocab>
    <Text>NINETEEN</Text>
    <Index>19</Index>
    <VocabIndex>19</VocabIndex>
  </Vocab>
  <Vocab>
    <Text>TWENTY</Text>
    <Index>20</Index>
    <VocabIndex>20</VocabIndex>
  </Vocab>
  <Vocab>
    <Text>THIRTY</Text>
    <Index>21</Index>
    <VocabIndex>21</VocabIndex>
  </Vocab>
  <Vocab>
    <Text>FORTY</Text>
    <Index>22</Index>
    <VocabIndex>22</VocabIndex>
  </Vocab>
  <Vocab>
    <Text>FIFTY</Text>
    <Index>23</Index>
    <VocabIndex>23</VocabIndex>
  </Vocab>
  <Vocab>
    <Text>SIXTY</Text>
    <Index>24</Index>
    <VocabIndex>24</VocabIndex>
  </Vocab>
  <Vocab>
    <Text>SEVENTY</Text>
    <Index>25</Index>
    <VocabIndex>25</VocabIndex>
  </Vocab>
  <Vocab>
    <Text>EIGHTY</Text>
    <Index>26</Index>
    <VocabIndex>26</VocabIndex>
  </Vocab>
  <Vocab>
    <Text>NINETY</Text>
    <Index>27</Index>
    <VocabIndex>27</VocabIndex>
  </Vocab>
  <Vocab>
    <Text>HUNDRED</Text>
    <Index>28</Index>
    <VocabIndex>28</VocabIndex>
  </Vocab>
  <Vocab>
    <Text>THOUSAND</Text>
    <Index>29</Index>
    <VocabIndex>29</VocabIndex>
  </Vocab>
  <Vocab>
    <Text>PAUSE (20 MS)</Text>
    <Index>59</Index>
    <VocabIndex>30</VocabIndex>
  </Vocab>
  <Vocab>
    <Text>PAUSE (40 MS)</Text>
    <Index>60</Index>
    <VocabIndex>31</VocabIndex>
  </Vocab>
  <Vocab>
    <Text>PAUSE (80 MS)</Text>
    <Index>61</Index>
    <VocabIndex>32</VocabIndex>
  </Vocab>
  <Vocab>
    <Text>PAUSE (160 MS)</Text>
    <Index>62</Index>
    <VocabIndex>33</VocabIndex>
  </Vocab>
  <Vocab>
    <Text>PAUSE (320 MS)</Text>
    <Index>63</Index>
    <VocabIndex>34</VocabIndex>
  </Vocab>
  <Vocab>
    <Text>PAUSE (640 MS)</Text>
    <Index>64</Index>
    <VocabIndex>35</VocabIndex>
  </Vocab>
  <Vocab>
    <Text>A</Text>
    <Index>65</Index>
    <VocabIndex>36</VocabIndex>
  </Vocab>
  <Vocab>
    <Text>B</Text>
    <Index>66</Index>
    <VocabIndex>37</VocabIndex>
  </Vocab>
  <Vocab>
    <Text>C</Text>
    <Index>67</Index>
    <VocabIndex>38</VocabIndex>
  </Vocab>
  <Vocab>
    <Text>D</Text>
    <Index>68</Index>
    <VocabIndex>39</VocabIndex>
  </Vocab>
  <Vocab>
    <Text>E</Text>
    <Index>69</Index>
    <VocabIndex>40</VocabIndex>
  </Vocab>
  <Vocab>
    <Text>F</Text>
    <Index>70</Index>
    <VocabIndex>41</VocabIndex>
  </Vocab>
  <Vocab>
    <Text>G</Text>
    <Index>71</Index>
    <VocabIndex>42</VocabIndex>
  </Vocab>
  <Vocab>
    <Text>H</Text>
    <Index>72</Index>
    <VocabIndex>43</VocabIndex>
  </Vocab>
  <Vocab>
    <Text>I</Text>
    <Index>73</Index>
    <VocabIndex>44</VocabIndex>
  </Vocab>
  <Vocab>
    <Text>J</Text>
    <Index>74</Index>
    <VocabIndex>45</VocabIndex>
  </Vocab>
  <Vocab>
    <Text>K</Text>
    <Index>75</Index>
    <VocabIndex>46</VocabIndex>
  </Vocab>
  <Vocab>
    <Text>L</Text>
    <Index>76</Index>
    <VocabIndex>47</VocabIndex>
  </Vocab>
  <Vocab>
    <Text>M</Text>
    <Index>77</Index>
    <VocabIndex>48</VocabIndex>
  </Vocab>
  <Vocab>
    <Text>N</Text>
    <Index>78</Index>
    <VocabIndex>49</VocabIndex>
  </Vocab>
  <Vocab>
    <Text>O</Text>
    <Index>79</Index>
    <VocabIndex>50</VocabIndex>
  </Vocab>
  <Vocab>
    <Text>P</Text>
    <Index>80</Index>
    <VocabIndex>51</VocabIndex>
  </Vocab>
  <Vocab>
    <Text>Q</Text>
    <Index>81</Index>
    <VocabIndex>52</VocabIndex>
  </Vocab>
  <Vocab>
    <Text>R</Text>
    <Index>82</Index>
    <VocabIndex>53</VocabIndex>
  </Vocab>
  <Vocab>
    <Text>S</Text>
    <Index>83</Index>
    <VocabIndex>54</VocabIndex>
  </Vocab>
  <Vocab>
    <Text>T</Text>
    <Index>84</Index>
    <VocabIndex>55</VocabIndex>
  </Vocab>
  <Vocab>
    <Text>U</Text>
    <Index>85</Index>
    <VocabIndex>56</VocabIndex>
  </Vocab>
  <Vocab>
    <Text>V</Text>
    <Index>86</Index>
    <VocabIndex>57</VocabIndex>
  </Vocab>
  <Vocab>
    <Text>W</Text>
    <Index>87</Index>
    <VocabIndex>58</VocabIndex>
  </Vocab>
  <Vocab>
    <Text>X</Text>
    <Index>88</Index>
    <VocabIndex>59</VocabIndex>
  </Vocab>
  <Vocab>
    <Text>Y</Text>
    <Index>89</Index>
    <VocabIndex>60</VocabIndex>
  </Vocab>
  <Vocab>
    <Text>Z</Text>
    <Index>90</Index>
    <VocabIndex>61</VocabIndex>
  </Vocab>
  <Vocab>
    <Text>ABOVE</Text>
    <Index>91</Index>
    <VocabIndex>62</VocabIndex>
  </Vocab>
  <Vocab>
    <Text>AIR</Text>
    <Index>92</Index>
    <VocabIndex>63</VocabIndex>
  </Vocab>
  <Vocab>
    <Text>ALARM</Text>
    <Index>93</Index>
    <VocabIndex>64</VocabIndex>
  </Vocab>
  <Vocab>
    <Text>AM</Text>
    <Index>94</Index>
    <VocabIndex>65</VocabIndex>
  </Vocab>
  <Vocab>
    <Text>AMP</Text>
    <Index>95</Index>
    <VocabIndex>66</VocabIndex>
  </Vocab>
  <Vocab>
    <Text>AMPS</Text>
    <Index>96</Index>
    <VocabIndex>67</VocabIndex>
  </Vocab>
  <Vocab>
    <Text>ANTENNA</Text>
    <Index>97</Index>
    <VocabIndex>68</VocabIndex>
  </Vocab>
  <Vocab>
    <Text>AUDIO</Text>
    <Index>98</Index>
    <VocabIndex>69</VocabIndex>
  </Vocab>
  <Vocab>
    <Text>AUTO</Text>
    <Index>99</Index>
    <VocabIndex>70</VocabIndex>
  </Vocab>
  <Vocab>
    <Text>BELOW</Text>
    <Index>100</Index>
    <VocabIndex>71</VocabIndex>
  </Vocab>
  <Vocab>
    <Text>CARRIER</Text>
    <Index>101</Index>
    <VocabIndex>72</VocabIndex>
  </Vocab>
  <Vocab>
    <Text>CHANNEL</Text>
    <Index>102</Index>
    <VocabIndex>73</VocabIndex>
  </Vocab>
  <Vocab>
    <Text>CLEAR</Text>
    <Index>103</Index>
    <VocabIndex>74</VocabIndex>
  </Vocab>
  <Vocab>
    <Text>COMMAND</Text>
    <Index>104</Index>
    <VocabIndex>75</VocabIndex>
  </Vocab>
  <Vocab>
    <Text>CONTACT</Text>
    <Index>105</Index>
    <VocabIndex>76</VocabIndex>
  </Vocab>
  <Vocab>
    <Text>CONTROL</Text>
    <Index>106</Index>
    <VocabIndex>77</VocabIndex>
  </Vocab>
  <Vocab>
    <Text>CURRENT</Text>
    <Index>107</Index>
    <VocabIndex>78</VocabIndex>
  </Vocab>
  <Vocab>
    <Text>DAY</Text>
    <Index>108</Index>
    <VocabIndex>79</VocabIndex>
  </Vocab>
  <Vocab>
    <Text>DECREASE</Text>
    <Index>109</Index>
    <VocabIndex>80</VocabIndex>
  </Vocab>
  <Vocab>
    <Text>DEGREE</Text>
    <Index>110</Index>
    <VocabIndex>81</VocabIndex>
  </Vocab>
  <Vocab>
    <Text>DIAL</Text>
    <Index>111</Index>
    <VocabIndex>82</VocabIndex>
  </Vocab>
  <Vocab>
    <Text>DOWN</Text>
    <Index>112</Index>
    <VocabIndex>83</VocabIndex>
  </Vocab>
  <Vocab>
    <Text>EMERGENCY</Text>
    <Index>113</Index>
    <VocabIndex>84</VocabIndex>
  </Vocab>
  <Vocab>
    <Text>ENTER</Text>
    <Index>114</Index>
    <VocabIndex>85</VocabIndex>
  </Vocab>
  <Vocab>
    <Text>EQUALS</Text>
    <Index>115</Index>
    <VocabIndex>86</VocabIndex>
  </Vocab>
  <Vocab>
    <Text>ERROR</Text>
    <Index>116</Index>
    <VocabIndex>87</VocabIndex>
  </Vocab>
  <Vocab>
    <Text>EXIT</Text>
    <Index>117</Index>
    <VocabIndex>88</VocabIndex>
  </Vocab>
  <Vocab>
    <Text>EXTERNAL</Text>
    <Index>118</Index>
    <VocabIndex>89</VocabIndex>
  </Vocab>
  <Vocab>
    <Text>EXTREME</Text>
    <Index>119</Index>
    <VocabIndex>90</VocabIndex>
  </Vocab>
  <Vocab>
    <Text>FAIL</Text>
    <Index>120</Index>
    <VocabIndex>91</VocabIndex>
  </Vocab>
  <Vocab>
    <Text>FAHRENHEIT</Text>
    <Index>121</Index>
    <VocabIndex>92</VocabIndex>
  </Vocab>
  <Vocab>
    <Text>FILAMENT</Text>
    <Index>122</Index>
    <VocabIndex>93</VocabIndex>
  </Vocab>
  <Vocab>
    <Text>FIRE</Text>
    <Index>123</Index>
    <VocabIndex>94</VocabIndex>
  </Vocab>
  <Vocab>
    <Text>FM</Text>
    <Index>124</Index>
    <VocabIndex>95</VocabIndex>
  </Vocab>
  <Vocab>
    <Text>FRONT</Text>
    <Index>125</Index>
    <VocabIndex>96</VocabIndex>
  </Vocab>
  <Vocab>
    <Text>FUEL</Text>
    <Index>126</Index>
    <VocabIndex>97</VocabIndex>
  </Vocab>
  <Vocab>
    <Text>GOODBYE</Text>
    <Index>127</Index>
    <VocabIndex>98</VocabIndex>
  </Vocab>
  <Vocab>
    <Text>HELLO</Text>
    <Index>128</Index>
    <VocabIndex>99</VocabIndex>
  </Vocab>
  <Vocab>
    <Text>HELP</Text>
    <Index>129</Index>
    <VocabIndex>100</VocabIndex>
  </Vocab>
  <Vocab>
    <Text>HERTZ</Text>
    <Index>130</Index>
    <VocabIndex>101</VocabIndex>
  </Vocab>
  <Vocab>
    <Text>HIGH</Text>
    <Index>131</Index>
    <VocabIndex>102</VocabIndex>
  </Vocab>
  <Vocab>
    <Text>HOT</Text>
    <Index>132</Index>
    <VocabIndex>103</VocabIndex>
  </Vocab>
  <Vocab>
    <Text>IN</Text>
    <Index>133</Index>
    <VocabIndex>104</VocabIndex>
  </Vocab>
  <Vocab>
    <Text>INCREASE</Text>
    <Index>134</Index>
    <VocabIndex>105</VocabIndex>
  </Vocab>
  <Vocab>
    <Text>INTRUSION</Text>
    <Index>135</Index>
    <VocabIndex>106</VocabIndex>
  </Vocab>
  <Vocab>
    <Text>IS</Text>
    <Index>136</Index>
    <VocabIndex>107</VocabIndex>
  </Vocab>
  <Vocab>
    <Text>KILO</Text>
    <Index>137</Index>
    <VocabIndex>108</VocabIndex>
  </Vocab>
  <Vocab>
    <Text>KILOVOLTS</Text>
    <Index>138</Index>
    <VocabIndex>109</VocabIndex>
  </Vocab>
  <Vocab>
    <Text>KILOWATTS</Text>
    <Index>139</Index>
    <VocabIndex>110</VocabIndex>
  </Vocab>
  <Vocab>
    <Text>LEFT</Text>
    <Index>140</Index>
    <VocabIndex>111</VocabIndex>
  </Vocab>
  <Vocab>
    <Text>LEVEL</Text>
    <Index>141</Index>
    <VocabIndex>112</VocabIndex>
  </Vocab>
  <Vocab>
    <Text>LIGHT</Text>
    <Index>142</Index>
    <VocabIndex>113</VocabIndex>
  </Vocab>
  <Vocab>
    <Text>LIMIT</Text>
    <Index>143</Index>
    <VocabIndex>114</VocabIndex>
  </Vocab>
  <Vocab>
    <Text>LINE</Text>
    <Index>144</Index>
    <VocabIndex>115</VocabIndex>
  </Vocab>
  <Vocab>
    <Text>LINK</Text>
    <Index>145</Index>
    <VocabIndex>116</VocabIndex>
  </Vocab>
  <Vocab>
    <Text>LOAD</Text>
    <Index>146</Index>
    <VocabIndex>117</VocabIndex>
  </Vocab>
  <Vocab>
    <Text>LOCAL</Text>
    <Index>147</Index>
    <VocabIndex>118</VocabIndex>
  </Vocab>
  <Vocab>
    <Text>LOOP</Text>
    <Index>148</Index>
    <VocabIndex>119</VocabIndex>
  </Vocab>
  <Vocab>
    <Text>LOW</Text>
    <Index>149</Index>
    <VocabIndex>120</VocabIndex>
  </Vocab>
  <Vocab>
    <Text>LOWER</Text>
    <Index>150</Index>
    <VocabIndex>121</VocabIndex>
  </Vocab>
  <Vocab>
    <Text>MAIN</Text>
    <Index>151</Index>
    <VocabIndex>122</VocabIndex>
  </Vocab>
  <Vocab>
    <Text>METER</Text>
    <Index>152</Index>
    <VocabIndex>123</VocabIndex>
  </Vocab>
  <Vocab>
    <Text>MICRO</Text>
    <Index>153</Index>
    <VocabIndex>124</VocabIndex>
  </Vocab>
  <Vocab>
    <Text>MILLIAMPS</Text>
    <Index>154</Index>
    <VocabIndex>125</VocabIndex>
  </Vocab>
  <Vocab>
    <Text>MILLI</Text>
    <Index>155</Index>
    <VocabIndex>126</VocabIndex>
  </Vocab>
  <Vocab>
    <Text>MINUS</Text>
    <Index>156</Index>
    <VocabIndex>127</VocabIndex>
  </Vocab>
  <Vocab>
    <Text>MONITOR</Text>
    <Index>157</Index>
    <VocabIndex>128</VocabIndex>
  </Vocab>
  <Vocab>
    <Text>NIGHT</Text>
    <Index>158</Index>
    <VocabIndex>129</VocabIndex>
  </Vocab>
  <Vocab>
    <Text>NO</Text>
    <Index>159</Index>
    <VocabIndex>130</VocabIndex>
  </Vocab>
  <Vocab>
    <Text>NORMAL</Text>
    <Index>160</Index>
    <VocabIndex>131</VocabIndex>
  </Vocab>
  <Vocab>
    <Text>NOT</Text>
    <Index>161</Index>
    <VocabIndex>132</VocabIndex>
  </Vocab>
  <Vocab>
    <Text>NOW</Text>
    <Index>162</Index>
    <VocabIndex>133</VocabIndex>
  </Vocab>
  <Vocab>
    <Text>OFF</Text>
    <Index>163</Index>
    <VocabIndex>134</VocabIndex>
  </Vocab>
  <Vocab>
    <Text>ON</Text>
    <Index>164</Index>
    <VocabIndex>135</VocabIndex>
  </Vocab>
  <Vocab>
    <Text>OPEN</Text>
    <Index>165</Index>
    <VocabIndex>136</VocabIndex>
  </Vocab>
  <Vocab>
    <Text>OUT</Text>
    <Index>166</Index>
    <VocabIndex>137</VocabIndex>
  </Vocab>
  <Vocab>
    <Text>OVER</Text>
    <Index>167</Index>
    <VocabIndex>138</VocabIndex>
  </Vocab>
  <Vocab>
    <Text>OVERLOAD</Text>
    <Index>168</Index>
    <VocabIndex>139</VocabIndex>
  </Vocab>
  <Vocab>
    <Text>PEAK</Text>
    <Index>169</Index>
    <VocabIndex>140</VocabIndex>
  </Vocab>
  <Vocab>
    <Text>PERCENT</Text>
    <Index>170</Index>
    <VocabIndex>141</VocabIndex>
  </Vocab>
  <Vocab>
    <Text>PHASE</Text>
    <Index>171</Index>
    <VocabIndex>142</VocabIndex>
  </Vocab>
  <Vocab>
    <Text>PHONE</Text>
    <Index>172</Index>
    <VocabIndex>143</VocabIndex>
  </Vocab>
  <Vocab>
    <Text>PILOT</Text>
    <Index>173</Index>
    <VocabIndex>144</VocabIndex>
  </Vocab>
  <Vocab>
    <Text>PLATE</Text>
    <Index>174</Index>
    <VocabIndex>145</VocabIndex>
  </Vocab>
  <Vocab>
    <Text>PLEASE</Text>
    <Index>175</Index>
    <VocabIndex>146</VocabIndex>
  </Vocab>
  <Vocab>
    <Text>POINT</Text>
    <Index>176</Index>
    <VocabIndex>147</VocabIndex>
  </Vocab>
  <Vocab>
    <Text>POUND</Text>
    <Index>177</Index>
    <VocabIndex>148</VocabIndex>
  </Vocab>
  <Vocab>
    <Text>POWER</Text>
    <Index>178</Index>
    <VocabIndex>149</VocabIndex>
  </Vocab>
  <Vocab>
    <Text>PROGRAM</Text>
    <Index>179</Index>
    <VocabIndex>150</VocabIndex>
  </Vocab>
  <Vocab>
    <Text>PUT</Text>
    <Index>180</Index>
    <VocabIndex>151</VocabIndex>
  </Vocab>
  <Vocab>
    <Text>RADIO</Text>
    <Index>181</Index>
    <VocabIndex>152</VocabIndex>
  </Vocab>
  <Vocab>
    <Text>RAISE</Text>
    <Index>182</Index>
    <VocabIndex>153</VocabIndex>
  </Vocab>
  <Vocab>
    <Text>RATIO</Text>
    <Index>183</Index>
    <VocabIndex>154</VocabIndex>
  </Vocab>
  <Vocab>
    <Text>READY</Text>
    <Index>184</Index>
    <VocabIndex>155</VocabIndex>
  </Vocab>
  <Vocab>
    <Text>RECEIVER</Text>
    <Index>185</Index>
    <VocabIndex>156</VocabIndex>
  </Vocab>
  <Vocab>
    <Text>RELAY</Text>
    <Index>186</Index>
    <VocabIndex>157</VocabIndex>
  </Vocab>
  <Vocab>
    <Text>REMOTE</Text>
    <Index>187</Index>
    <VocabIndex>158</VocabIndex>
  </Vocab>
  <Vocab>
    <Text>RESET</Text>
    <Index>188</Index>
    <VocabIndex>159</VocabIndex>
  </Vocab>
  <Vocab>
    <Text>RETURN</Text>
    <Index>189</Index>
    <VocabIndex>160</VocabIndex>
  </Vocab>
  <Vocab>
    <Text>RIGHT</Text>
    <Index>190</Index>
    <VocabIndex>161</VocabIndex>
  </Vocab>
  <Vocab>
    <Text>SAFE</Text>
    <Index>191</Index>
    <VocabIndex>162</VocabIndex>
  </Vocab>
  <Vocab>
    <Text>SECURITY</Text>
    <Index>192</Index>
    <VocabIndex>163</VocabIndex>
  </Vocab>
  <Vocab>
    <Text>SET</Text>
    <Index>193</Index>
    <VocabIndex>164</VocabIndex>
  </Vocab>
  <Vocab>
    <Text>SHUT</Text>
    <Index>194</Index>
    <VocabIndex>165</VocabIndex>
  </Vocab>
  <Vocab>
    <Text>SIGNAL</Text>
    <Index>195</Index>
    <VocabIndex>166</VocabIndex>
  </Vocab>
  <Vocab>
    <Text>SITE</Text>
    <Index>196</Index>
    <VocabIndex>167</VocabIndex>
  </Vocab>
  <Vocab>
    <Text>STANDBY</Text>
    <Index>197</Index>
    <VocabIndex>168</VocabIndex>
  </Vocab>
  <Vocab>
    <Text>STAR</Text>
    <Index>198</Index>
    <VocabIndex>169</VocabIndex>
  </Vocab>
  <Vocab>
    <Text>START</Text>
    <Index>199</Index>
    <VocabIndex>170</VocabIndex>
  </Vocab>
  <Vocab>
    <Text>STATION</Text>
    <Index>200</Index>
    <VocabIndex>171</VocabIndex>
  </Vocab>
  <Vocab>
    <Text>STATUS</Text>
    <Index>201</Index>
    <VocabIndex>172</VocabIndex>
  </Vocab>
  <Vocab>
    <Text>STOP</Text>
    <Index>202</Index>
    <VocabIndex>173</VocabIndex>
  </Vocab>
  <Vocab>
    <Text>STUDIO</Text>
    <Index>203</Index>
    <VocabIndex>174</VocabIndex>
  </Vocab>
  <Vocab>
    <Text>SWITCH</Text>
    <Index>204</Index>
    <VocabIndex>175</VocabIndex>
  </Vocab>
  <Vocab>
    <Text>SYSTEM</Text>
    <Index>205</Index>
    <VocabIndex>176</VocabIndex>
  </Vocab>
  <Vocab>
    <Text>TEMPERATURE</Text>
    <Index>206</Index>
    <VocabIndex>177</VocabIndex>
  </Vocab>
  <Vocab>
    <Text>TEST</Text>
    <Index>207</Index>
    <VocabIndex>178</VocabIndex>
  </Vocab>
  <Vocab>
    <Text>THANK YOU</Text>
    <Index>208</Index>
    <VocabIndex>179</VocabIndex>
  </Vocab>
  <Vocab>
    <Text>THIS</Text>
    <Index>209</Index>
    <VocabIndex>180</VocabIndex>
  </Vocab>
  <Vocab>
    <Text>TOTAL</Text>
    <Index>210</Index>
    <VocabIndex>181</VocabIndex>
  </Vocab>
  <Vocab>
    <Text>TOWER</Text>
    <Index>211</Index>
    <VocabIndex>182</VocabIndex>
  </Vocab>
  <Vocab>
    <Text>TRANSFER</Text>
    <Index>212</Index>
    <VocabIndex>183</VocabIndex>
  </Vocab>
  <Vocab>
    <Text>TRANSMITTER</Text>
    <Index>213</Index>
    <VocabIndex>184</VocabIndex>
  </Vocab>
  <Vocab>
    <Text>TV</Text>
    <Index>214</Index>
    <VocabIndex>185</VocabIndex>
  </Vocab>
  <Vocab>
    <Text>UNDER</Text>
    <Index>215</Index>
    <VocabIndex>186</VocabIndex>
  </Vocab>
  <Vocab>
    <Text>UP</Text>
    <Index>216</Index>
    <VocabIndex>187</VocabIndex>
  </Vocab>
  <Vocab>
    <Text>UTILITY</Text>
    <Index>217</Index>
    <VocabIndex>188</VocabIndex>
  </Vocab>
  <Vocab>
    <Text>VOICE</Text>
    <Index>218</Index>
    <VocabIndex>189</VocabIndex>
  </Vocab>
  <Vocab>
    <Text>VOLTS</Text>
    <Index>219</Index>
    <VocabIndex>190</VocabIndex>
  </Vocab>
  <Vocab>
    <Text>WAIT</Text>
    <Index>220</Index>
    <VocabIndex>191</VocabIndex>
  </Vocab>
  <Vocab>
    <Text>WARNING</Text>
    <Index>221</Index>
    <VocabIndex>192</VocabIndex>
  </Vocab>
  <Vocab>
    <Text>WATTS</Text>
    <Index>222</Index>
    <VocabIndex>193</VocabIndex>
  </Vocab>
  <Vocab>
    <Text>SHACK</Text>
    <Index>223</Index>
    <VocabIndex>194</VocabIndex>
  </Vocab>
  <Vocab>
    <Text>SHUTDOWN</Text>
    <Index>224</Index>
    <VocabIndex>195</VocabIndex>
  </Vocab>
  <Vocab>
    <Text>SIDE LIGHTS</Text>
    <Index>225</Index>
    <VocabIndex>196</VocabIndex>
  </Vocab>
  <Vocab>
    <Text>SILENCE</Text>
    <Index>226</Index>
    <VocabIndex>197</VocabIndex>
  </Vocab>
  <Vocab>
    <Text>SOUTH</Text>
    <Index>227</Index>
    <VocabIndex>198</VocabIndex>
  </Vocab>
  <Vocab>
    <Text>STACK</Text>
    <Index>228</Index>
    <VocabIndex>199</VocabIndex>
  </Vocab>
  <Vocab>
    <Text>STARTUP</Text>
    <Index>229</Index>
    <VocabIndex>200</VocabIndex>
  </Vocab>
  <Vocab>
    <Text>STL</Text>
    <Index>230</Index>
    <VocabIndex>201</VocabIndex>
  </Vocab>
  <Vocab>
    <Text>STOPPED</Text>
    <Index>231</Index>
    <VocabIndex>202</VocabIndex>
  </Vocab>
  <Vocab>
    <Text>TEMP</Text>
    <Index>232</Index>
    <VocabIndex>203</VocabIndex>
  </Vocab>
  <Vocab>
    <Text>TERSE</Text>
    <Index>233</Index>
    <VocabIndex>204</VocabIndex>
  </Vocab>
  <Vocab>
    <Text>TIME</Text>
    <Index>234</Index>
    <VocabIndex>205</VocabIndex>
  </Vocab>
  <Vocab>
    <Text>TOWER LIGHTS</Text>
    <Index>235</Index>
    <VocabIndex>206</VocabIndex>
  </Vocab>
  <Vocab>
    <Text>TRANSLATOR</Text>
    <Index>236</Index>
    <VocabIndex>207</VocabIndex>
  </Vocab>
  <Vocab>
    <Text>TRIM</Text>
    <Index>237</Index>
    <VocabIndex>208</VocabIndex>
  </Vocab>
  <Vocab>
    <Text>TRL</Text>
    <Index>238</Index>
    <VocabIndex>209</VocabIndex>
  </Vocab>
  <Vocab>
    <Text>TSL</Text>
    <Index>239</Index>
    <VocabIndex>210</VocabIndex>
  </Vocab>
  <Vocab>
    <Text>UNIT</Text>
    <Index>240</Index>
    <VocabIndex>211</VocabIndex>
  </Vocab>
  <Vocab>
    <Text>UPLINK</Text>
    <Index>241</Index>
    <VocabIndex>212</VocabIndex>
  </Vocab>
  <Vocab>
    <Text>UPS</Text>
    <Index>242</Index>
    <VocabIndex>213</VocabIndex>
  </Vocab>
  <Vocab>
    <Text>Alarms are clear</Text>
    <Index>243</Index>
    <VocabIndex>214</VocabIndex>
  </Vocab>
  <Vocab>
    <Text>For help dial 98</Text>
    <Index>244</Index>
    <VocabIndex>215</VocabIndex>
  </Vocab>
  <Vocab>
    <Text>For readings enter the channel number</Text>
    <Index>245</Index>
    <VocabIndex>216</VocabIndex>
  </Vocab>
  <Vocab>
    <Text>is above upper limit</Text>
    <Index>246</Index>
    <VocabIndex>217</VocabIndex>
  </Vocab>
  <Vocab>
    <Text>is below lower limit</Text>
    <Index>247</Index>
    <VocabIndex>218</VocabIndex>
  </Vocab>
  <Vocab>
    <Text>For a status report dial 20 For an alarm report dial 30 For site selection dial 40</Text>
    <Index>248</Index>
    <VocabIndex>219</VocabIndex>
  </Vocab>
  <Vocab>
    <Text>To clear alarm press pound</Text>
    <Index>249</Index>
    <VocabIndex>220</VocabIndex>
  </Vocab>
  <Vocab>
    <Text>For lower press star</Text>
    <Index>250</Index>
    <VocabIndex>221</VocabIndex>
  </Vocab>
  <Vocab>
    <Text>To raise this channel press the pound key</Text>
    <Index>251</Index>
    <VocabIndex>222</VocabIndex>
  </Vocab>
  <Vocab>
    <Text>AURAL</Text>
    <Index>256</Index>
    <VocabIndex>223</VocabIndex>
  </Vocab>
  <Vocab>
    <Text>AUXILIARY</Text>
    <Index>257</Index>
    <VocabIndex>224</VocabIndex>
  </Vocab>
  <Vocab>
    <Text>BACKUP</Text>
    <Index>258</Index>
    <VocabIndex>225</VocabIndex>
  </Vocab>
  <Vocab>
    <Text>BASE</Text>
    <Index>259</Index>
    <VocabIndex>226</VocabIndex>
  </Vocab>
  <Vocab>
    <Text>BATTERY</Text>
    <Index>260</Index>
    <VocabIndex>227</VocabIndex>
  </Vocab>
  <Vocab>
    <Text>BEACON</Text>
    <Index>261</Index>
    <VocabIndex>228</VocabIndex>
  </Vocab>
  <Vocab>
    <Text>BEAM</Text>
    <Index>262</Index>
    <VocabIndex>229</VocabIndex>
  </Vocab>
  <Vocab>
    <Text>BUILDING</Text>
    <Index>263</Index>
    <VocabIndex>230</VocabIndex>
  </Vocab>
  <Vocab>
    <Text>CELSIUS</Text>
    <Index>264</Index>
    <VocabIndex>231</VocabIndex>
  </Vocab>
  <Vocab>
    <Text>COAX</Text>
    <Index>265</Index>
    <VocabIndex>232</VocabIndex>
  </Vocab>
  <Vocab>
    <Text>COMBINER</Text>
    <Index>266</Index>
    <VocabIndex>233</VocabIndex>
  </Vocab>
  <Vocab>
    <Text>COMPOSITE</Text>
    <Index>267</Index>
    <VocabIndex>234</VocabIndex>
  </Vocab>
  <Vocab>
    <Text>COMPUTER</Text>
    <Index>268</Index>
    <VocabIndex>235</VocabIndex>
  </Vocab>
  <Vocab>
    <Text>CONVERTER</Text>
    <Index>269</Index>
    <VocabIndex>236</VocabIndex>
  </Vocab>
  <Vocab>
    <Text>DEICER</Text>
    <Index>270</Index>
    <VocabIndex>237</VocabIndex>
  </Vocab>
  <Vocab>
    <Text>DELAY</Text>
    <Index>271</Index>
    <VocabIndex>238</VocabIndex>
  </Vocab>
  <Vocab>
    <Text>DETECTOR</Text>
    <Index>272</Index>
    <VocabIndex>239</VocabIndex>
  </Vocab>
  <Vocab>
    <Text>DOOR</Text>
    <Index>273</Index>
    <VocabIndex>240</VocabIndex>
  </Vocab>
  <Vocab>
    <Text>DRIVE</Text>
    <Index>274</Index>
    <VocabIndex>241</VocabIndex>
  </Vocab>
  <Vocab>
    <Text>DUMMY</Text>
    <Index>275</Index>
    <VocabIndex>242</VocabIndex>
  </Vocab>
  <Vocab>
    <Text>ELECTRIC</Text>
    <Index>276</Index>
    <VocabIndex>243</VocabIndex>
  </Vocab>
  <Vocab>
    <Text>EQUIPMENT</Text>
    <Index>277</Index>
    <VocabIndex>244</VocabIndex>
  </Vocab>
  <Vocab>
    <Text>EXCITER</Text>
    <Index>278</Index>
    <VocabIndex>245</VocabIndex>
  </Vocab>
  <Vocab>
    <Text>FADE</Text>
    <Index>279</Index>
    <VocabIndex>246</VocabIndex>
  </Vocab>
  <Vocab>
    <Text>FAN</Text>
    <Index>280</Index>
    <VocabIndex>247</VocabIndex>
  </Vocab>
  <Vocab>
    <Text>FAULT</Text>
    <Index>281</Index>
    <VocabIndex>248</VocabIndex>
  </Vocab>
  <Vocab>
    <Text>FINAL</Text>
    <Index>282</Index>
    <VocabIndex>249</VocabIndex>
  </Vocab>
  <Vocab>
    <Text>FLOOR</Text>
    <Index>283</Index>
    <VocabIndex>250</VocabIndex>
  </Vocab>
  <Vocab>
    <Text>FLOW</Text>
    <Index>284</Index>
    <VocabIndex>251</VocabIndex>
  </Vocab>
  <Vocab>
    <Text>FORWARD</Text>
    <Index>285</Index>
    <VocabIndex>252</VocabIndex>
  </Vocab>
  <Vocab>
    <Text>FREEZING</Text>
    <Index>286</Index>
    <VocabIndex>253</VocabIndex>
  </Vocab>
  <Vocab>
    <Text>FREQUENCY</Text>
    <Index>287</Index>
    <VocabIndex>254</VocabIndex>
  </Vocab>
  <Vocab>
    <Text>FURNACE</Text>
    <Index>288</Index>
    <VocabIndex>255</VocabIndex>
  </Vocab>
  <Vocab>
    <Text>GAS</Text>
    <Index>289</Index>
    <VocabIndex>256</VocabIndex>
  </Vocab>
  <Vocab>
    <Text>GENERATOR</Text>
    <Index>290</Index>
    <VocabIndex>257</VocabIndex>
  </Vocab>
  <Vocab>
    <Text>GROUND</Text>
    <Index>291</Index>
    <VocabIndex>258</VocabIndex>
  </Vocab>
  <Vocab>
    <Text>HEATER</Text>
    <Index>292</Index>
    <VocabIndex>259</VocabIndex>
  </Vocab>
  <Vocab>
    <Text>INTERFACE</Text>
    <Index>293</Index>
    <VocabIndex>260</VocabIndex>
  </Vocab>
  <Vocab>
    <Text>MAGNET</Text>
    <Index>294</Index>
    <VocabIndex>261</VocabIndex>
  </Vocab>
  <Vocab>
    <Text>MEGA</Text>
    <Index>295</Index>
    <VocabIndex>262</VocabIndex>
  </Vocab>
  <Vocab>
    <Text>MEGAWATTS</Text>
    <Index>296</Index>
    <VocabIndex>263</VocabIndex>
  </Vocab>
  <Vocab>
    <Text>MICROWAVE</Text>
    <Index>297</Index>
    <VocabIndex>264</VocabIndex>
  </Vocab>
  <Vocab>
    <Text>MIDDLE</Text>
    <Index>298</Index>
    <VocabIndex>265</VocabIndex>
  </Vocab>
  <Vocab>
    <Text>MONO</Text>
    <Index>299</Index>
    <VocabIndex>266</VocabIndex>
  </Vocab>
  <Vocab>
    <Text>MOTOR</Text>
    <Index>300</Index>
    <VocabIndex>267</VocabIndex>
  </Vocab>
  <Vocab>
    <Text>NUMBER</Text>
    <Index>301</Index>
    <VocabIndex>268</VocabIndex>
  </Vocab>
  <Vocab>
    <Text>PRESSURE</Text>
    <Index>302</Index>
    <VocabIndex>269</VocabIndex>
  </Vocab>
  <Vocab>
    <Text>PRINTER</Text>
    <Index>303</Index>
    <VocabIndex>270</VocabIndex>
  </Vocab>
  <Vocab>
    <Text>PUMP</Text>
    <Index>304</Index>
    <VocabIndex>271</VocabIndex>
  </Vocab>
  <Vocab>
    <Text>RECORD</Text>
    <Index>305</Index>
    <VocabIndex>272</VocabIndex>
  </Vocab>
  <Vocab>
    <Text>REFLECTED</Text>
    <Index>306</Index>
    <VocabIndex>273</VocabIndex>
  </Vocab>
  <Vocab>
    <Text>REVERSE</Text>
    <Index>307</Index>
    <VocabIndex>274</VocabIndex>
  </Vocab>
  <Vocab>
    <Text>ROOM</Text>
    <Index>308</Index>
    <VocabIndex>275</VocabIndex>
  </Vocab>
  <Vocab>
    <Text>SATELLITE</Text>
    <Index>309</Index>
    <VocabIndex>276</VocabIndex>
  </Vocab>
  <Vocab>
    <Text>SCREEN</Text>
    <Index>310</Index>
    <VocabIndex>277</VocabIndex>
  </Vocab>
  <Vocab>
    <Text>SENSOR</Text>
    <Index>311</Index>
    <VocabIndex>278</VocabIndex>
  </Vocab>
  <Vocab>
    <Text>SIDE</Text>
    <Index>312</Index>
    <VocabIndex>279</VocabIndex>
  </Vocab>
  <Vocab>
    <Text>SMOKE</Text>
    <Index>313</Index>
    <VocabIndex>280</VocabIndex>
  </Vocab>
  <Vocab>
    <Text>SPEED</Text>
    <Index>314</Index>
    <VocabIndex>281</VocabIndex>
  </Vocab>
  <Vocab>
    <Text>STEREO</Text>
    <Index>315</Index>
    <VocabIndex>282</VocabIndex>
  </Vocab>
  <Vocab>
    <Text>STROBE</Text>
    <Index>316</Index>
    <VocabIndex>283</VocabIndex>
  </Vocab>
  <Vocab>
    <Text>SUB</Text>
    <Index>317</Index>
    <VocabIndex>284</VocabIndex>
  </Vocab>
  <Vocab>
    <Text>SUBCARRIER</Text>
    <Index>318</Index>
    <VocabIndex>285</VocabIndex>
  </Vocab>
  <Vocab>
    <Text>SUPPLY</Text>
    <Index>319</Index>
    <VocabIndex>286</VocabIndex>
  </Vocab>
  <Vocab>
    <Text>SYNC</Text>
    <Index>320</Index>
    <VocabIndex>287</VocabIndex>
  </Vocab>
  <Vocab>
    <Text>TAPE</Text>
    <Index>321</Index>
    <VocabIndex>288</VocabIndex>
  </Vocab>
  <Vocab>
    <Text>TELEMETRY</Text>
    <Index>322</Index>
    <VocabIndex>289</VocabIndex>
  </Vocab>
  <Vocab>
    <Text>THERMAL</Text>
    <Index>323</Index>
    <VocabIndex>290</VocabIndex>
  </Vocab>
  <Vocab>
    <Text>TWO WAY</Text>
    <Index>324</Index>
    <VocabIndex>291</VocabIndex>
  </Vocab>
  <Vocab>
    <Text>VIDEO</Text>
    <Index>325</Index>
    <VocabIndex>292</VocabIndex>
  </Vocab>
  <Vocab>
    <Text>VISUAL</Text>
    <Index>326</Index>
    <VocabIndex>293</VocabIndex>
  </Vocab>
  <Vocab>
    <Text>VSWR</Text>
    <Index>327</Index>
    <VocabIndex>294</VocabIndex>
  </Vocab>
  <Vocab>
    <Text>WATER</Text>
    <Index>328</Index>
    <VocabIndex>295</VocabIndex>
  </Vocab>
  <Vocab>
    <Text>ZONE</Text>
    <Index>329</Index>
    <VocabIndex>296</VocabIndex>
  </Vocab>
  <Vocab>
    <Text>POSTSUNSET</Text>
    <Index>330</Index>
    <VocabIndex>297</VocabIndex>
  </Vocab>
  <Vocab>
    <Text>PRESET</Text>
    <Index>331</Index>
    <VocabIndex>298</VocabIndex>
  </Vocab>
  <Vocab>
    <Text>PRESUNRISE</Text>
    <Index>332</Index>
    <VocabIndex>299</VocabIndex>
  </Vocab>
  <Vocab>
    <Text>PROCESSOR</Text>
    <Index>333</Index>
    <VocabIndex>300</VocabIndex>
  </Vocab>
  <Vocab>
    <Text>RECOVERY</Text>
    <Index>334</Index>
    <VocabIndex>301</VocabIndex>
  </Vocab>
  <Vocab>
    <Text>REJECT</Text>
    <Index>335</Index>
    <VocabIndex>302</VocabIndex>
  </Vocab>
  <Vocab>
    <Text>RELATIVE</Text>
    <Index>336</Index>
    <VocabIndex>303</VocabIndex>
  </Vocab>
  <Vocab>
    <Text>REPEATER</Text>
    <Index>337</Index>
    <VocabIndex>304</VocabIndex>
  </Vocab>
  <Vocab>
    <Text>RF</Text>
    <Index>338</Index>
    <VocabIndex>305</VocabIndex>
  </Vocab>
  <Vocab>
    <Text>RPU</Text>
    <Index>339</Index>
    <VocabIndex>306</VocabIndex>
  </Vocab>
  <Vocab>
    <Text>RUN</Text>
    <Index>340</Index>
    <VocabIndex>307</VocabIndex>
  </Vocab>
  <Vocab>
    <Text>RUNNING</Text>
    <Index>341</Index>
    <VocabIndex>308</VocabIndex>
  </Vocab>
  <Vocab>
    <Text>T1</Text>
    <Index>342</Index>
    <VocabIndex>309</VocabIndex>
  </Vocab>
  <Vocab>
    <Text>VIRTUAL</Text>
    <Index>343</Index>
    <VocabIndex>310</VocabIndex>
  </Vocab>
  <Vocab>
    <Text>WAN</Text>
    <Index>344</Index>
    <VocabIndex>311</VocabIndex>
  </Vocab>
  <Vocab>
    <Text>WEST</Text>
    <Index>345</Index>
    <VocabIndex>312</VocabIndex>
  </Vocab>
  <Vocab>
    <Text>Fiber</Text>
    <Index>346</Index>
    <VocabIndex>313</VocabIndex>
  </Vocab>
  <Vocab>
    <Text>FM SCA</Text>
    <Index>347</Index>
    <VocabIndex>314</VocabIndex>
  </Vocab>
  <Vocab>
    <Text>Dolby</Text>
    <Index>348</Index>
    <VocabIndex>315</VocabIndex>
  </Vocab>
  <Vocab>
    <Text>IP</Text>
    <Index>349</Index>
    <VocabIndex>316</VocabIndex>
  </Vocab>
  <Vocab>
    <Text>CLEARED</Text>
    <Index>350</Index>
    <VocabIndex>317</VocabIndex>
  </Vocab>
  <Vocab>
    <Text>ADJUST</Text>
    <Index>351</Index>
    <VocabIndex>318</VocabIndex>
  </Vocab>
  <Vocab>
    <Text>ALARMS</Text>
    <Index>352</Index>
    <VocabIndex>319</VocabIndex>
  </Vocab>
  <Vocab>
    <Text>ALL</Text>
    <Index>353</Index>
    <VocabIndex>320</VocabIndex>
  </Vocab>
  <Vocab>
    <Text>ANALOG</Text>
    <Index>354</Index>
    <VocabIndex>321</VocabIndex>
  </Vocab>
  <Vocab>
    <Text>AUTOMATIC</Text>
    <Index>355</Index>
    <VocabIndex>322</VocabIndex>
  </Vocab>
  <Vocab>
    <Text>AUTOMATION</Text>
    <Index>356</Index>
    <VocabIndex>323</VocabIndex>
  </Vocab>
  <Vocab>
    <Text>AVAILABLE</Text>
    <Index>357</Index>
    <VocabIndex>324</VocabIndex>
  </Vocab>
  <Vocab>
    <Text>BAD</Text>
    <Index>358</Index>
    <VocabIndex>325</VocabIndex>
  </Vocab>
  <Vocab>
    <Text>BASE CURRENT</Text>
    <Index>359</Index>
    <VocabIndex>326</VocabIndex>
  </Vocab>
  <Vocab>
    <Text>BOOT</Text>
    <Index>360</Index>
    <VocabIndex>327</VocabIndex>
  </Vocab>
  <Vocab>
    <Text>CHANGE</Text>
    <Index>361</Index>
    <VocabIndex>328</VocabIndex>
  </Vocab>
  <Vocab>
    <Text>CHOICE</Text>
    <Index>362</Index>
    <VocabIndex>329</VocabIndex>
  </Vocab>
  <Vocab>
    <Text>CHOOSE</Text>
    <Index>363</Index>
    <VocabIndex>330</VocabIndex>
  </Vocab>
  <Vocab>
    <Text>CLOCK</Text>
    <Index>364</Index>
    <VocabIndex>331</VocabIndex>
  </Vocab>
  <Vocab>
    <Text>COMMON</Text>
    <Index>365</Index>
    <VocabIndex>332</VocabIndex>
  </Vocab>
  <Vocab>
    <Text>CONDITION</Text>
    <Index>366</Index>
    <VocabIndex>333</VocabIndex>
  </Vocab>
  <Vocab>
    <Text>CONDITIONING</Text>
    <Index>367</Index>
    <VocabIndex>334</VocabIndex>
  </Vocab>
  <Vocab>
    <Text>CONFIGURATION</Text>
    <Index>368</Index>
    <VocabIndex>335</VocabIndex>
  </Vocab>
  <Vocab>
    <Text>CRASH</Text>
    <Index>369</Index>
    <VocabIndex>336</VocabIndex>
  </Vocab>
  <Vocab>
    <Text>CRITICAL</Text>
    <Index>370</Index>
    <VocabIndex>337</VocabIndex>
  </Vocab>
  <Vocab>
    <Text>DAYPART</Text>
    <Index>371</Index>
    <VocabIndex>338</VocabIndex>
  </Vocab>
  <Vocab>
    <Text>DAYTIME</Text>
    <Index>372</Index>
    <VocabIndex>339</VocabIndex>
  </Vocab>
  <Vocab>
    <Text>DEAD</Text>
    <Index>373</Index>
    <VocabIndex>340</VocabIndex>
  </Vocab>
  <Vocab>
    <Text>DEGREES</Text>
    <Index>374</Index>
    <VocabIndex>341</VocabIndex>
  </Vocab>
  <Vocab>
    <Text>DIGITAL</Text>
    <Index>375</Index>
    <VocabIndex>342</VocabIndex>
  </Vocab>
  <Vocab>
    <Text>DOWNLINK</Text>
    <Index>376</Index>
    <VocabIndex>343</VocabIndex>
  </Vocab>
  <Vocab>
    <Text>DTV</Text>
    <Index>377</Index>
    <VocabIndex>344</VocabIndex>
  </Vocab>
  <Vocab>
    <Text>EAS</Text>
    <Index>378</Index>
    <VocabIndex>345</VocabIndex>
  </Vocab>
  <Vocab>
    <Text>EAST</Text>
    <Index>379</Index>
    <VocabIndex>346</VocabIndex>
  </Vocab>
  <Vocab>
    <Text>FLASHER</Text>
    <Index>380</Index>
    <VocabIndex>347</VocabIndex>
  </Vocab>
  <Vocab>
    <Text>GOOD</Text>
    <Index>381</Index>
    <VocabIndex>348</VocabIndex>
  </Vocab>
  <Vocab>
    <Text>GPS</Text>
    <Index>382</Index>
    <VocabIndex>349</VocabIndex>
  </Vocab>
  <Vocab>
    <Text>HD</Text>
    <Index>383</Index>
    <VocabIndex>350</VocabIndex>
  </Vocab>
  <Vocab>
    <Text>HOURS</Text>
    <Index>384</Index>
    <VocabIndex>351</VocabIndex>
  </Vocab>
  <Vocab>
    <Text>IBOC</Text>
    <Index>385</Index>
    <VocabIndex>352</VocabIndex>
  </Vocab>
  <Vocab>
    <Text>INPUT</Text>
    <Index>386</Index>
    <VocabIndex>353</VocabIndex>
  </Vocab>
  <Vocab>
    <Text>INTERLOCK</Text>
    <Index>387</Index>
    <VocabIndex>354</VocabIndex>
  </Vocab>
  <Vocab>
    <Text>ISNT</Text>
    <Index>388</Index>
    <VocabIndex>355</VocabIndex>
  </Vocab>
  <Vocab>
    <Text>LAN</Text>
    <Index>389</Index>
    <VocabIndex>356</VocabIndex>
  </Vocab>
  <Vocab>
    <Text>MACRO</Text>
    <Index>390</Index>
    <VocabIndex>357</VocabIndex>
  </Vocab>
  <Vocab>
    <Text>MANUAL</Text>
    <Index>391</Index>
    <VocabIndex>358</VocabIndex>
  </Vocab>
  <Vocab>
    <Text>MILLIVOLTS</Text>
    <Index>392</Index>
    <VocabIndex>359</VocabIndex>
  </Vocab>
  <Vocab>
    <Text>MINUTES</Text>
    <Index>393</Index>
    <VocabIndex>360</VocabIndex>
  </Vocab>
  <Vocab>
    <Text>MODE</Text>
    <Index>394</Index>
    <VocabIndex>361</VocabIndex>
  </Vocab>
  <Vocab>
    <Text>MODULATION</Text>
    <Index>395</Index>
    <VocabIndex>362</VocabIndex>
  </Vocab>
  <Vocab>
    <Text>MODULE</Text>
    <Index>396</Index>
    <VocabIndex>363</VocabIndex>
  </Vocab>
  <Vocab>
    <Text>MUTE</Text>
    <Index>397</Index>
    <VocabIndex>364</VocabIndex>
  </Vocab>
  <Vocab>
    <Text>MUTED</Text>
    <Index>398</Index>
    <VocabIndex>365</VocabIndex>
  </Vocab>
  <Vocab>
    <Text>NETWORK</Text>
    <Index>399</Index>
    <VocabIndex>366</VocabIndex>
  </Vocab>
  <Vocab>
    <Text>NITROGEN</Text>
    <Index>400</Index>
    <VocabIndex>367</VocabIndex>
  </Vocab>
  <Vocab>
    <Text>NOISE</Text>
    <Index>401</Index>
    <VocabIndex>368</VocabIndex>
  </Vocab>
  <Vocab>
    <Text>NORTH</Text>
    <Index>402</Index>
    <VocabIndex>369</VocabIndex>
  </Vocab>
  <Vocab>
    <Text>NTSC</Text>
    <Index>403</Index>
    <VocabIndex>370</VocabIndex>
  </Vocab>
  <Vocab>
    <Text>OFF AIR</Text>
    <Index>404</Index>
    <VocabIndex>371</VocabIndex>
  </Vocab>
  <Vocab>
    <Text>OFFLINE</Text>
    <Index>405</Index>
    <VocabIndex>372</VocabIndex>
  </Vocab>
  <Vocab>
    <Text>ON AIR</Text>
    <Index>406</Index>
    <VocabIndex>373</VocabIndex>
  </Vocab>
  <Vocab>
    <Text>ONLINE</Text>
    <Index>407</Index>
    <VocabIndex>374</VocabIndex>
  </Vocab>
  <Vocab>
    <Text>ONLY</Text>
    <Index>408</Index>
    <VocabIndex>375</VocabIndex>
  </Vocab>
  <Vocab>
    <Text>OUTDOOR</Text>
    <Index>409</Index>
    <VocabIndex>376</VocabIndex>
  </Vocab>
  <Vocab>
    <Text>OUTPUT</Text>
    <Index>410</Index>
    <VocabIndex>377</VocabIndex>
  </Vocab>
  <Vocab>
    <Text>PATTERN</Text>
    <Index>411</Index>
    <VocabIndex>378</VocabIndex>
  </Vocab>
  <Vocab>
    <Text>NEW YORK</Text>
    <Index>412</Index>
    <VocabIndex>379</VocabIndex>
  </Vocab>
  <Vocab>
    <Text>LOS ANGELES</Text>
    <Index>413</Index>
    <VocabIndex>380</VocabIndex>
  </Vocab>
  <Vocab>
    <Text>CHICAGO</Text>
    <Index>414</Index>
    <VocabIndex>381</VocabIndex>
  </Vocab>
  <Vocab>
    <Text>PHILADELPHIA</Text>
    <Index>415</Index>
    <VocabIndex>382</VocabIndex>
  </Vocab>
  <Vocab>
    <Text>BOSTON</Text>
    <Index>416</Index>
    <VocabIndex>383</VocabIndex>
  </Vocab>
  <Vocab>
    <Text>SAN FRANCISCO</Text>
    <Index>417</Index>
    <VocabIndex>384</VocabIndex>
  </Vocab>
  <Vocab>
    <Text>DALLAS</Text>
    <Index>418</Index>
    <VocabIndex>385</VocabIndex>
  </Vocab>
  <Vocab>
    <Text>WASHINGTON</Text>
    <Index>419</Index>
    <VocabIndex>386</VocabIndex>
  </Vocab>
  <Vocab>
    <Text>ATLANTA</Text>
    <Index>420</Index>
    <VocabIndex>387</VocabIndex>
  </Vocab>
  <Vocab>
    <Text>HOUSTON</Text>
    <Index>421</Index>
    <VocabIndex>388</VocabIndex>
  </Vocab>
  <Vocab>
    <Text>DETROIT</Text>
    <Index>422</Index>
    <VocabIndex>389</VocabIndex>
  </Vocab>
  <Vocab>
    <Text>TAMPA</Text>
    <Index>423</Index>
    <VocabIndex>390</VocabIndex>
  </Vocab>
  <Vocab>
    <Text>SEATTLE</Text>
    <Index>424</Index>
    <VocabIndex>391</VocabIndex>
  </Vocab>
  <Vocab>
    <Text>PHOENIX</Text>
    <Index>425</Index>
    <VocabIndex>392</VocabIndex>
  </Vocab>
  <Vocab>
    <Text>MINNEAPOLIS</Text>
    <Index>426</Index>
    <VocabIndex>393</VocabIndex>
  </Vocab>
  <Vocab>
    <Text>CLEVELAND</Text>
    <Index>427</Index>
    <VocabIndex>394</VocabIndex>
  </Vocab>
  <Vocab>
    <Text>MIAMI</Text>
    <Index>428</Index>
    <VocabIndex>395</VocabIndex>
  </Vocab>
  <Vocab>
    <Text>DENVER</Text>
    <Index>429</Index>
    <VocabIndex>396</VocabIndex>
  </Vocab>
  <Vocab>
    <Text>SACRAMENTO</Text>
    <Index>430</Index>
    <VocabIndex>397</VocabIndex>
  </Vocab>
  <Vocab>
    <Text>ORLANDO</Text>
    <Index>431</Index>
    <VocabIndex>398</VocabIndex>
  </Vocab>
  <Vocab>
    <Text>ST LOUIS</Text>
    <Index>432</Index>
    <VocabIndex>399</VocabIndex>
  </Vocab>
  <Vocab>
    <Text>PITTSBURGH</Text>
    <Index>433</Index>
    <VocabIndex>400</VocabIndex>
  </Vocab>
  <Vocab>
    <Text>PORTLAND</Text>
    <Index>434</Index>
    <VocabIndex>401</VocabIndex>
  </Vocab>
  <Vocab>
    <Text>BALTIMORE</Text>
    <Index>435</Index>
    <VocabIndex>402</VocabIndex>
  </Vocab>
  <Vocab>
    <Text>INDIANAPOLIS</Text>
    <Index>436</Index>
    <VocabIndex>403</VocabIndex>
  </Vocab>
  <Vocab>
    <Text>SAN DIEGO</Text>
    <Index>437</Index>
    <VocabIndex>404</VocabIndex>
  </Vocab>
  <Vocab>
    <Text>CHARLOTTE</Text>
    <Index>438</Index>
    <VocabIndex>405</VocabIndex>
  </Vocab>
  <Vocab>
    <Text>HARTFORD</Text>
    <Index>439</Index>
    <VocabIndex>406</VocabIndex>
  </Vocab>
  <Vocab>
    <Text>RALEIGH</Text>
    <Index>440</Index>
    <VocabIndex>407</VocabIndex>
  </Vocab>
  <Vocab>
    <Text>NASHVILLE</Text>
    <Index>441</Index>
    <VocabIndex>408</VocabIndex>
  </Vocab>
  <Vocab>
    <Text>Acrodyne</Text>
    <Index>442</Index>
    <VocabIndex>409</VocabIndex>
  </Vocab>
  <Vocab>
    <Text>Axcera</Text>
    <Index>443</Index>
    <VocabIndex>410</VocabIndex>
  </Vocab>
  <Vocab>
    <Text>Armstrong</Text>
    <Index>444</Index>
    <VocabIndex>411</VocabIndex>
  </Vocab>
  <Vocab>
    <Text>B_E</Text>
    <Index>445</Index>
    <VocabIndex>412</VocabIndex>
  </Vocab>
  <Vocab>
    <Text>BEXT</Text>
    <Index>446</Index>
    <VocabIndex>413</VocabIndex>
  </Vocab>
  <Vocab>
    <Text>Continental</Text>
    <Index>447</Index>
    <VocabIndex>414</VocabIndex>
  </Vocab>
  <Vocab>
    <Text>Crown</Text>
    <Index>448</Index>
    <VocabIndex>415</VocabIndex>
  </Vocab>
  <Vocab>
    <Text>Harris</Text>
    <Index>449</Index>
    <VocabIndex>416</VocabIndex>
  </Vocab>
  <Vocab>
    <Text>Larcan</Text>
    <Index>450</Index>
    <VocabIndex>417</VocabIndex>
  </Vocab>
  <Vocab>
    <Text>NEC</Text>
    <Index>451</Index>
    <VocabIndex>418</VocabIndex>
  </Vocab>
  <Vocab>
    <Text>Nautel</Text>
    <Index>452</Index>
    <VocabIndex>419</VocabIndex>
  </Vocab>
  <Vocab>
    <Text>Intraplex</Text>
    <Index>453</Index>
    <VocabIndex>420</VocabIndex>
  </Vocab>
  <Vocab>
    <Text>Starlink</Text>
    <Index>454</Index>
    <VocabIndex>421</VocabIndex>
  </Vocab>
  <Vocab>
    <Text>LanLink</Text>
    <Index>455</Index>
    <VocabIndex>422</VocabIndex>
  </Vocab>
  <Vocab>
    <Text>AEQ</Text>
    <Index>456</Index>
    <VocabIndex>423</VocabIndex>
  </Vocab>
  <Vocab>
    <Text>Air Tools</Text>
    <Index>457</Index>
    <VocabIndex>424</VocabIndex>
  </Vocab>
  <Vocab>
    <Text>Altronic</Text>
    <Index>458</Index>
    <VocabIndex>425</VocabIndex>
  </Vocab>
  <Vocab>
    <Text>Arrakis</Text>
    <Index>459</Index>
    <VocabIndex>426</VocabIndex>
  </Vocab>
  <Vocab>
    <Text>Audemat-Aztec</Text>
    <Index>460</Index>
    <VocabIndex>427</VocabIndex>
  </Vocab>
  <Vocab>
    <Text>Audiolab</Text>
    <Index>461</Index>
    <VocabIndex>428</VocabIndex>
  </Vocab>
  <Vocab>
    <Text>Audio Technica</Text>
    <Index>462</Index>
    <VocabIndex>429</VocabIndex>
  </Vocab>
  <Vocab>
    <Text>Belar</Text>
    <Index>463</Index>
    <VocabIndex>430</VocabIndex>
  </Vocab>
  <Vocab>
    <Text>BETAbrite</Text>
    <Index>464</Index>
    <VocabIndex>431</VocabIndex>
  </Vocab>
  <Vocab>
    <Text>Bird</Text>
    <Index>465</Index>
    <VocabIndex>432</VocabIndex>
  </Vocab>
  <Vocab>
    <Text>Bose</Text>
    <Index>466</Index>
    <VocabIndex>433</VocabIndex>
  </Vocab>
  <Vocab>
    <Text>Broadcast Tools</Text>
    <Index>467</Index>
    <VocabIndex>434</VocabIndex>
  </Vocab>
  <Vocab>
    <Text>Burk</Text>
    <Index>468</Index>
    <VocabIndex>435</VocabIndex>
  </Vocab>
  <Vocab>
    <Text>Burst</Text>
    <Index>469</Index>
    <VocabIndex>436</VocabIndex>
  </Vocab>
  <Vocab>
    <Text>Danagger</Text>
    <Index>470</Index>
    <VocabIndex>437</VocabIndex>
  </Vocab>
  <Vocab>
    <Text>Delta</Text>
    <Index>471</Index>
    <VocabIndex>438</VocabIndex>
  </Vocab>
  <Vocab>
    <Text>Denon</Text>
    <Index>472</Index>
    <VocabIndex>439</VocabIndex>
  </Vocab>
  <Vocab>
    <Text>Dielectric</Text>
    <Index>473</Index>
    <VocabIndex>440</VocabIndex>
  </Vocab>
  <Vocab>
    <Text>Digital Audio Labs</Text>
    <Index>474</Index>
    <VocabIndex>441</VocabIndex>
  </Vocab>
  <Vocab>
    <Text>Enco</Text>
    <Index>475</Index>
    <VocabIndex>442</VocabIndex>
  </Vocab>
  <Vocab>
    <Text>Energy-Onix</Text>
    <Index>476</Index>
    <VocabIndex>443</VocabIndex>
  </Vocab>
  <Vocab>
    <Text>ERI</Text>
    <Index>477</Index>
    <VocabIndex>444</VocabIndex>
  </Vocab>
  <Vocab>
    <Text>Eventide</Text>
    <Index>478</Index>
    <VocabIndex>445</VocabIndex>
  </Vocab>
  <Vocab>
    <Text>GE</Text>
    <Index>479</Index>
    <VocabIndex>446</VocabIndex>
  </Vocab>
  <Vocab>
    <Text>GEPCO</Text>
    <Index>480</Index>
    <VocabIndex>447</VocabIndex>
  </Vocab>
  <Vocab>
    <Text>Gorman Redlich</Text>
    <Index>481</Index>
    <VocabIndex>448</VocabIndex>
  </Vocab>
  <Vocab>
    <Text>Hollyanne</Text>
    <Index>482</Index>
    <VocabIndex>449</VocabIndex>
  </Vocab>
  <Vocab>
    <Text>Inovonics</Text>
    <Index>483</Index>
    <VocabIndex>450</VocabIndex>
  </Vocab>
  <Vocab>
    <Text>JVC</Text>
    <Index>484</Index>
    <VocabIndex>451</VocabIndex>
  </Vocab>
  <Vocab>
    <Text>Kintronic</Text>
    <Index>485</Index>
    <VocabIndex>452</VocabIndex>
  </Vocab>
  <Vocab>
    <Text>Lightwave</Text>
    <Index>486</Index>
    <VocabIndex>453</VocabIndex>
  </Vocab>
  <Vocab>
    <Text>Logitek</Text>
    <Index>487</Index>
    <VocabIndex>454</VocabIndex>
  </Vocab>
  <Vocab>
    <Text>Lucid</Text>
    <Index>488</Index>
    <VocabIndex>455</VocabIndex>
  </Vocab>
  <Vocab>
    <Text>Lynx</Text>
    <Index>489</Index>
    <VocabIndex>456</VocabIndex>
  </Vocab>
  <Vocab>
    <Text>Mackie</Text>
    <Index>490</Index>
    <VocabIndex>457</VocabIndex>
  </Vocab>
  <Vocab>
    <Text>Marti</Text>
    <Index>491</Index>
    <VocabIndex>458</VocabIndex>
  </Vocab>
  <Vocab>
    <Text>Masterclock</Text>
    <Index>492</Index>
    <VocabIndex>459</VocabIndex>
  </Vocab>
  <Vocab>
    <Text>Minolta</Text>
    <Index>493</Index>
    <VocabIndex>460</VocabIndex>
  </Vocab>
  <Vocab>
    <Text>Miranda</Text>
    <Index>494</Index>
    <VocabIndex>461</VocabIndex>
  </Vocab>
  <Vocab>
    <Text>Moseley</Text>
    <Index>495</Index>
    <VocabIndex>462</VocabIndex>
  </Vocab>
  <Vocab>
    <Text>Motorola</Text>
    <Index>496</Index>
    <VocabIndex>463</VocabIndex>
  </Vocab>
  <Vocab>
    <Text>MultiMedia</Text>
    <Index>497</Index>
    <VocabIndex>464</VocabIndex>
  </Vocab>
  <Vocab>
    <Text>Neumann</Text>
    <Index>498</Index>
    <VocabIndex>465</VocabIndex>
  </Vocab>
  <Vocab>
    <Text>Omnia</Text>
    <Index>499</Index>
    <VocabIndex>466</VocabIndex>
  </Vocab>
  <Vocab>
    <Text>Orban</Text>
    <Index>500</Index>
    <VocabIndex>467</VocabIndex>
  </Vocab>
  <Vocab>
    <Text>Pelican</Text>
    <Index>501</Index>
    <VocabIndex>468</VocabIndex>
  </Vocab>
  <Vocab>
    <Text>Potomac</Text>
    <Index>502</Index>
    <VocabIndex>469</VocabIndex>
  </Vocab>
  <Vocab>
    <Text>QEI</Text>
    <Index>503</Index>
    <VocabIndex>470</VocabIndex>
  </Vocab>
  <Vocab>
    <Text>RCA</Text>
    <Index>504</Index>
    <VocabIndex>471</VocabIndex>
  </Vocab>
  <Vocab>
    <Text>Rhode and Shwartz</Text>
    <Index>505</Index>
    <VocabIndex>472</VocabIndex>
  </Vocab>
  <Vocab>
    <Text>SBS</Text>
    <Index>506</Index>
    <VocabIndex>473</VocabIndex>
  </Vocab>
  <Vocab>
    <Text>Thales</Text>
    <Index>507</Index>
    <VocabIndex>474</VocabIndex>
  </Vocab>
  <Vocab>
    <Text>Roland</Text>
    <Index>508</Index>
    <VocabIndex>475</VocabIndex>
  </Vocab>
  <Vocab>
    <Text>Telos</Text>
    <Index>509</Index>
    <VocabIndex>476</VocabIndex>
  </Vocab>
  <Vocab>
    <Text>TFT</Text>
    <Index>510</Index>
    <VocabIndex>477</VocabIndex>
  </Vocab>
  <Vocab>
    <Text>Verbose</Text>
    <Index>511</Index>
    <VocabIndex>478</VocabIndex>
  </Vocab>
  <Vocab>
    <Text>TO</Text>
    <Index>512</Index>
    <VocabIndex>479</VocabIndex>
  </Vocab>
  <Vocab>
    <Text>FOR</Text>
    <Index>513</Index>
    <VocabIndex>480</VocabIndex>
  </Vocab>
  <Vocab>
    <Text>ARE</Text>
    <Index>514</Index>
    <VocabIndex>481</VocabIndex>
  </Vocab>
  <Vocab>
    <Text>YOU</Text>
    <Index>515</Index>
    <VocabIndex>482</VocabIndex>
  </Vocab>
  <Vocab>
    <Text>SEE</Text>
    <Index>516</Index>
    <VocabIndex>483</VocabIndex>
  </Vocab>
  <Vocab>
    <Text>BE</Text>
    <Index>517</Index>
    <VocabIndex>484</VocabIndex>
  </Vocab>
  <Vocab>
    <Text>WHY</Text>
    <Index>518</Index>
    <VocabIndex>485</VocabIndex>
  </Vocab>
  <Vocab>
    <Text>HI</Text>
    <Index>519</Index>
    <VocabIndex>486</VocabIndex>
  </Vocab>
  <Vocab>
    <Text>SIGHT</Text>
    <Index>520</Index>
    <VocabIndex>487</VocabIndex>
  </Vocab>
  <Vocab>
    <Text>WEIGHT</Text>
    <Index>521</Index>
    <VocabIndex>488</VocabIndex>
  </Vocab>
  <Vocab>
    <Text>LINKS</Text>
    <Index>522</Index>
    <VocabIndex>489</VocabIndex>
  </Vocab>
  <Vocab>
    <Text>TOO</Text>
    <Index>523</Index>
    <VocabIndex>490</VocabIndex>
  </Vocab>
  <Vocab>
    <Text>macros running</Text>
    <Index>900</Index>
    <VocabIndex>491</VocabIndex>
  </Vocab>
  <Vocab>
    <Text>Alarm notification on hold for</Text>
    <Index>901</Index>
    <VocabIndex>492</VocabIndex>
  </Vocab>
  <Vocab>
    <Text>Automatic help prompts off</Text>
    <Index>902</Index>
    <VocabIndex>493</VocabIndex>
  </Vocab>
  <Vocab>
    <Text>Automatic help prompts on</Text>
    <Index>903</Index>
    <VocabIndex>494</VocabIndex>
  </Vocab>
  <Vocab>
    <Text>Context help off</Text>
    <Index>904</Index>
    <VocabIndex>495</VocabIndex>
  </Vocab>
  <Vocab>
    <Text>Context help on</Text>
    <Index>905</Index>
    <VocabIndex>496</VocabIndex>
  </Vocab>
  <Vocab>
    <Text>Enter a new phone number followed by star</Text>
    <Index>906</Index>
    <VocabIndex>497</VocabIndex>
  </Vocab>
  <Vocab>
    <Text>For a list of running macros dial 600</Text>
    <Index>907</Index>
    <VocabIndex>498</VocabIndex>
  </Vocab>
  <Vocab>
    <Text>For a new site dial the preset number or dial 499 to spell</Text>
    <Index>908</Index>
    <VocabIndex>499</VocabIndex>
  </Vocab>
  <Vocab>
    <Text>For a status report dial 350</Text>
    <Index>909</Index>
    <VocabIndex>500</VocabIndex>
  </Vocab>
  <Vocab>
    <Text>For an alarm report dial 300</Text>
    <Index>910</Index>
    <VocabIndex>501</VocabIndex>
  </Vocab>
  <Vocab>
    <Text>For automatic help prompts dial 996</Text>
    <Index>911</Index>
    <VocabIndex>502</VocabIndex>
  </Vocab>
  <Vocab>
    <Text>For terse mode dial 997</Text>
    <Index>912</Index>
    <VocabIndex>503</VocabIndex>
  </Vocab>
  <Vocab>
    <Text>For verbose mode dial 996</Text>
    <Index>913</Index>
    <VocabIndex>504</VocabIndex>
  </Vocab>
  <Vocab>
    <Text>for</Text>
    <Index>914</Index>
    <VocabIndex>505</VocabIndex>
  </Vocab>
  <Vocab>
    <Text>Invalid channel</Text>
    <Index>915</Index>
    <VocabIndex>506</VocabIndex>
  </Vocab>
  <Vocab>
    <Text>Invalid entry</Text>
    <Index>916</Index>
    <VocabIndex>507</VocabIndex>
  </Vocab>
  <Vocab>
    <Text>Invalid preset</Text>
    <Index>917</Index>
    <VocabIndex>508</VocabIndex>
  </Vocab>
  <Vocab>
    <Text>Password rejected</Text>
    <Index>918</Index>
    <VocabIndex>509</VocabIndex>
  </Vocab>
  <Vocab>
    <Text>Terse mode</Text>
    <Index>919</Index>
    <VocabIndex>510</VocabIndex>
  </Vocab>
  <Vocab>
    <Text>That channel is not in use</Text>
    <Index>920</Index>
    <VocabIndex>511</VocabIndex>
  </Vocab>
  <Vocab>
    <Text>That entry is not in use</Text>
    <Index>921</Index>
    <VocabIndex>512</VocabIndex>
  </Vocab>
  <Vocab>
    <Text>That preset is not in use</Text>
    <Index>922</Index>
    <VocabIndex>513</VocabIndex>
  </Vocab>
  <Vocab>
    <Text>To advance to the next alarm press star</Text>
    <Index>923</Index>
    <VocabIndex>514</VocabIndex>
  </Vocab>
  <Vocab>
    <Text>To cancel press 2</Text>
    <Index>924</Index>
    <VocabIndex>515</VocabIndex>
  </Vocab>
  <Vocab>
    <Text>To cancel press pound</Text>
    <Index>925</Index>
    <VocabIndex>516</VocabIndex>
  </Vocab>
  <Vocab>
    <Text>To clear all alarms press 1</Text>
    <Index>926</Index>
    <VocabIndex>517</VocabIndex>
  </Vocab>
  <Vocab>
    <Text>To clear an alarm press # after the alarm message</Text>
    <Index>927</Index>
    <VocabIndex>518</VocabIndex>
  </Vocab>
  <Vocab>
    <Text>To disable automatic help prompts dial 997</Text>
    <Index>928</Index>
    <VocabIndex>519</VocabIndex>
  </Vocab>
  <Vocab>
    <Text>To disable context help dial 997</Text>
    <Index>929</Index>
    <VocabIndex>520</VocabIndex>
  </Vocab>
  <Vocab>
    <Text>To disconnect dial 999</Text>
    <Index>930</Index>
    <VocabIndex>521</VocabIndex>
  </Vocab>
  <Vocab>
    <Text>To edit this phone number press pound</Text>
    <Index>931</Index>
    <VocabIndex>522</VocabIndex>
  </Vocab>
  <Vocab>
    <Text>To enable context help dial 996</Text>
    <Index>932</Index>
    <VocabIndex>523</VocabIndex>
  </Vocab>
  <Vocab>
    <Text>To extend the disconnect timeout dial 993</Text>
    <Index>933</Index>
    <VocabIndex>524</VocabIndex>
  </Vocab>
  <Vocab>
    <Text>To hear more commands dial 998</Text>
    <Index>934</Index>
    <VocabIndex>525</VocabIndex>
  </Vocab>
  <Vocab>
    <Text>To hear or edit a phone number dial 801 to 809 </Text>
    <Index>935</Index>
    <VocabIndex>526</VocabIndex>
  </Vocab>
  <Vocab>
    <Text>To hear the current site dial 400</Text>
    <Index>936</Index>
    <VocabIndex>527</VocabIndex>
  </Vocab>
  <Vocab>
    <Text>To hear this command list dial 998</Text>
    <Index>937</Index>
    <VocabIndex>528</VocabIndex>
  </Vocab>
  <Vocab>
    <Text>To repeat a reading dial 000</Text>
    <Index>938</Index>
    <VocabIndex>529</VocabIndex>
  </Vocab>
  <Vocab>
    <Text>To run this macro press pound</Text>
    <Index>939</Index>
    <VocabIndex>530</VocabIndex>
  </Vocab>
  <Vocab>
    <Text>To select a channel dial the channel number</Text>
    <Index>940</Index>
    <VocabIndex>531</VocabIndex>
  </Vocab>
  <Vocab>
    <Text>To select a macro dial the preset number or dial 699 for a list</Text>
    <Index>941</Index>
    <VocabIndex>532</VocabIndex>
  </Vocab>
  <Vocab>
    <Text>To set alarm monitoring for the current metering channel dial 520</Text>
    <Index>942</Index>
    <VocabIndex>533</VocabIndex>
  </Vocab>
  <Vocab>
    <Text>To set alarm monitoring for the current site dial 500</Text>
    <Index>943</Index>
    <VocabIndex>534</VocabIndex>
  </Vocab>
  <Vocab>
    <Text>To set alarm monitoring for the current status channel dial 510</Text>
    <Index>944</Index>
    <VocabIndex>535</VocabIndex>
  </Vocab>
  <Vocab>
    <Text>To stop this macro press star</Text>
    <Index>945</Index>
    <VocabIndex>536</VocabIndex>
  </Vocab>
  <Vocab>
    <Text>To turn off the audio input dial 995</Text>
    <Index>946</Index>
    <VocabIndex>537</VocabIndex>
  </Vocab>
  <Vocab>
    <Text>To turn on the audio input dial 994</Text>
    <Index>947</Index>
    <VocabIndex>538</VocabIndex>
  </Vocab>
  <Vocab>
    <Text>Try again</Text>
    <Index>948</Index>
    <VocabIndex>539</VocabIndex>
  </Vocab>
  <Vocab>
    <Text>Verbose mode</Text>
    <Index>949</Index>
    <VocabIndex>540</VocabIndex>
  </Vocab>
  <Vocab>
    <Text>Alarm monitoring disabled</Text>
    <Index>950</Index>
    <VocabIndex>541</VocabIndex>
  </Vocab>
  <Vocab>
    <Text>Alarm monitoring enabled</Text>
    <Index>951</Index>
    <VocabIndex>542</VocabIndex>
  </Vocab>
  <Vocab>
    <Text>Dial 000 to cancel and repeat the last channel reading </Text>
    <Index>952</Index>
    <VocabIndex>543</VocabIndex>
  </Vocab>
  <Vocab>
    <Text>End of report</Text>
    <Index>953</Index>
    <VocabIndex>544</VocabIndex>
  </Vocab>
  <Vocab>
    <Text>For more choices press pound</Text>
    <Index>954</Index>
    <VocabIndex>545</VocabIndex>
  </Vocab>
  <Vocab>
    <Text>Metering channel</Text>
    <Index>955</Index>
    <VocabIndex>546</VocabIndex>
  </Vocab>
  <Vocab>
    <Text>No alarms</Text>
    <Index>956</Index>
    <VocabIndex>547</VocabIndex>
  </Vocab>
  <Vocab>
    <Text>Press 0</Text>
    <Index>957</Index>
    <VocabIndex>548</VocabIndex>
  </Vocab>
  <Vocab>
    <Text>Press 1</Text>
    <Index>958</Index>
    <VocabIndex>549</VocabIndex>
  </Vocab>
  <Vocab>
    <Text>Press 2</Text>
    <Index>959</Index>
    <VocabIndex>550</VocabIndex>
  </Vocab>
  <Vocab>
    <Text>Press 3</Text>
    <Index>960</Index>
    <VocabIndex>551</VocabIndex>
  </Vocab>
  <Vocab>
    <Text>Press 4</Text>
    <Index>961</Index>
    <VocabIndex>552</VocabIndex>
  </Vocab>
  <Vocab>
    <Text>Press 5</Text>
    <Index>962</Index>
    <VocabIndex>553</VocabIndex>
  </Vocab>
  <Vocab>
    <Text>Press 6</Text>
    <Index>963</Index>
    <VocabIndex>554</VocabIndex>
  </Vocab>
  <Vocab>
    <Text>Press 7</Text>
    <Index>964</Index>
    <VocabIndex>555</VocabIndex>
  </Vocab>
  <Vocab>
    <Text>Press 8</Text>
    <Index>965</Index>
    <VocabIndex>556</VocabIndex>
  </Vocab>
  <Vocab>
    <Text>Press 9</Text>
    <Index>966</Index>
    <VocabIndex>557</VocabIndex>
  </Vocab>
  <Vocab>
    <Text>Press Pound</Text>
    <Index>967</Index>
    <VocabIndex>558</VocabIndex>
  </Vocab>
  <Vocab>
    <Text>Press Star</Text>
    <Index>968</Index>
    <VocabIndex>559</VocabIndex>
  </Vocab>
  <Vocab>
    <Text>Running macro</Text>
    <Index>969</Index>
    <VocabIndex>560</VocabIndex>
  </Vocab>
  <Vocab>
    <Text>Status channel</Text>
    <Index>970</Index>
    <VocabIndex>561</VocabIndex>
  </Vocab>
  <Vocab>
    <Text>Status report for</Text>
    <Index>971</Index>
    <VocabIndex>562</VocabIndex>
  </Vocab>
  <Vocab>
    <Text>Stopping macro</Text>
    <Index>972</Index>
    <VocabIndex>563</VocabIndex>
  </Vocab>
  <Vocab>
    <Text>To cancel press 0</Text>
    <Index>973</Index>
    <VocabIndex>564</VocabIndex>
  </Vocab>
  <Vocab>
    <Text>To disable press star</Text>
    <Index>974</Index>
    <VocabIndex>565</VocabIndex>
  </Vocab>
  <Vocab>
    <Text>To enable alarm monitoring press pound</Text>
    <Index>975</Index>
    <VocabIndex>566</VocabIndex>
  </Vocab>
  <Vocab>
    <Text>To exit the report enter any command</Text>
    <Index>976</Index>
    <VocabIndex>567</VocabIndex>
  </Vocab>
  <Vocab>
    <Text>To repeat this list press star</Text>
    <Index>977</Index>
    <VocabIndex>568</VocabIndex>
  </Vocab>
  <Vocab>
    <Text>Use the telephone keypad to spell the first four letters of the site name</Text>
    <Index>978</Index>
    <VocabIndex>569</VocabIndex>
  </Vocab>
  <Vocab>
    <Text>1KHz tone for 5 seconds</Text>
    <Index>999</Index>
    <VocabIndex>570</VocabIndex>
  </Vocab>
  <Vocab>
    <Text>400Tone</Text>
    <Index>1000</Index>
    <VocabIndex>571</VocabIndex>
  </Vocab>
</dataroot>